-- MySQL dump 10.13  Distrib 8.0.24, for Linux (x86_64)
--
-- Host: 127.0.0.1    Database: db
-- ------------------------------------------------------
-- Server version	8.0.23

/*!40101 SET @OLD_CHARACTER_SET_CLIENT=@@CHARACTER_SET_CLIENT */;
/*!40101 SET @OLD_CHARACTER_SET_RESULTS=@@CHARACTER_SET_RESULTS */;
/*!40101 SET @OLD_COLLATION_CONNECTION=@@COLLATION_CONNECTION */;
/*!50503 SET NAMES utf8mb4 */;
/*!40103 SET @OLD_TIME_ZONE=@@TIME_ZONE */;
/*!40103 SET TIME_ZONE='+00:00' */;
/*!40014 SET @OLD_UNIQUE_CHECKS=@@UNIQUE_CHECKS, UNIQUE_CHECKS=0 */;
/*!40014 SET @OLD_FOREIGN_KEY_CHECKS=@@FOREIGN_KEY_CHECKS, FOREIGN_KEY_CHECKS=0 */;
/*!40101 SET @OLD_SQL_MODE=@@SQL_MODE, SQL_MODE='NO_AUTO_VALUE_ON_ZERO' */;
/*!40111 SET @OLD_SQL_NOTES=@@SQL_NOTES, SQL_NOTES=0 */;

--
-- Table structure for table `fixture`
--

DROP TABLE IF EXISTS `fixture`;
/*!40101 SET @saved_cs_client     = @@character_set_client */;
/*!50503 SET character_set_client = utf8mb4 */;
CREATE TABLE `fixture` (
  `id` bigint unsigned NOT NULL AUTO_INCREMENT,
  `homeTeamScore` int unsigned DEFAULT NULL,
  `awayTeamScore` int unsigned DEFAULT NULL,
  `state` varchar(50) NOT NULL,
  `logo` varchar(500) NOT NULL,
  `date` timestamp NOT NULL,
  `createdAt` timestamp(6) NOT NULL DEFAULT CURRENT_TIMESTAMP(6),
  `updatedAt` timestamp(6) NOT NULL DEFAULT CURRENT_TIMESTAMP(6) ON UPDATE CURRENT_TIMESTAMP(6),
  `tournamentId` bigint unsigned NOT NULL,
  `homeTeamId` bigint unsigned NOT NULL,
  `awayTeamId` bigint unsigned NOT NULL,
  PRIMARY KEY (`id`),
  KEY `IDX_82f360d6fa749d4e7c400cf0ab` (`date`),
  KEY `IDX_67a8aac17b2515a4b781461319` (`createdAt`),
  KEY `IDX_f61f361e990396f69f29053c90` (`updatedAt`),
  KEY `FK_449d1f9930778da9e26ef81e60a` (`tournamentId`),
  KEY `FK_abbb9dc0c9aca6312eee7d54ad7` (`homeTeamId`),
  KEY `FK_6abf61842adc90eb78ccbdbfe01` (`awayTeamId`),
  CONSTRAINT `FK_449d1f9930778da9e26ef81e60a` FOREIGN KEY (`tournamentId`) REFERENCES `tournament` (`id`) ON DELETE RESTRICT ON UPDATE RESTRICT,
  CONSTRAINT `FK_6abf61842adc90eb78ccbdbfe01` FOREIGN KEY (`awayTeamId`) REFERENCES `team` (`id`) ON DELETE RESTRICT ON UPDATE RESTRICT,
  CONSTRAINT `FK_abbb9dc0c9aca6312eee7d54ad7` FOREIGN KEY (`homeTeamId`) REFERENCES `team` (`id`) ON DELETE RESTRICT ON UPDATE RESTRICT
) ENGINE=InnoDB AUTO_INCREMENT=72 DEFAULT CHARSET=utf8mb4 COLLATE=utf8mb4_0900_ai_ci;
/*!40101 SET character_set_client = @saved_cs_client */;

--
-- Dumping data for table `fixture`
--

LOCK TABLES `fixture` WRITE;
/*!40000 ALTER TABLE `fixture` DISABLE KEYS */;
INSERT INTO `fixture` VALUES (1,0,0,'FT','https://logo.com','2023-04-09 05:31:55','2023-04-18 16:31:55.416159','2023-04-18 16:31:55.416159',1,32,44),(2,2,3,'FT','https://logo.com','2023-04-12 05:31:55','2023-04-18 16:31:55.430945','2023-04-18 16:31:55.430945',2,10,97),(3,0,3,'FT','https://logo.com','2023-04-12 11:31:55','2023-04-18 16:31:55.441665','2023-04-18 16:31:55.441665',1,3,38),(4,3,0,'FT','https://logo.com','2023-04-12 17:31:55','2023-04-18 16:31:55.448358','2023-04-18 16:31:55.448358',1,89,55),(5,0,1,'FT','https://logo.com','2023-04-15 17:31:55','2023-04-18 16:31:55.457499','2023-04-18 16:31:55.457499',1,13,50),(6,2,3,'FT','https://logo.com','2023-04-15 23:31:55','2023-04-18 16:31:55.471527','2023-04-18 16:31:55.471527',2,65,43),(7,3,2,'FT','https://logo.com','2023-04-16 05:31:55','2023-04-18 16:31:55.479783','2023-04-18 16:31:55.479783',4,67,59),(8,2,3,'FT','https://logo.com','2023-04-16 11:31:55','2023-04-18 16:31:55.488433','2023-04-18 16:31:55.488433',1,83,64),(9,0,0,'FT','https://logo.com','2023-04-16 17:31:55','2023-04-18 16:31:55.497084','2023-04-18 16:31:55.497084',4,41,86),(10,3,3,'FT','https://logo.com','2023-04-16 23:31:55','2023-04-18 16:31:55.505990','2023-04-18 16:31:55.505990',2,42,82),(11,3,2,'FT','https://logo.com','2023-04-19 23:31:55','2023-04-18 16:31:55.512678','2023-04-18 16:31:55.512678',4,100,2),(12,NULL,NULL,'scheduled','https://logo.com','2023-04-20 05:31:55','2023-04-18 16:31:55.520991','2023-04-18 16:31:55.520991',3,89,51),(13,NULL,NULL,'scheduled','https://logo.com','2023-04-20 11:31:55','2023-04-18 16:31:55.527837','2023-04-18 16:31:55.527837',1,26,63),(14,NULL,NULL,'scheduled','https://logo.com','2023-04-23 11:31:55','2023-04-18 16:31:55.536693','2023-04-18 16:31:55.536693',4,64,97),(15,NULL,NULL,'scheduled','https://logo.com','2023-04-23 17:31:55','2023-04-18 16:31:55.543376','2023-04-18 16:31:55.543376',1,47,65),(16,NULL,NULL,'scheduled','https://logo.com','2023-04-26 17:31:55','2023-04-18 16:31:55.551585','2023-04-18 16:31:55.551585',3,87,98),(17,NULL,NULL,'scheduled','https://logo.com','2023-04-26 23:31:55','2023-04-18 16:31:55.558370','2023-04-18 16:31:55.558370',2,76,88),(18,NULL,NULL,'scheduled','https://logo.com','2023-04-29 23:31:55','2023-04-18 16:31:55.567070','2023-04-18 16:31:55.567070',4,37,87),(19,NULL,NULL,'scheduled','https://logo.com','2023-04-30 05:31:55','2023-04-18 16:31:55.576466','2023-04-18 16:31:55.576466',4,99,32),(20,NULL,NULL,'scheduled','https://logo.com','2023-04-30 11:31:55','2023-04-18 16:31:55.587043','2023-04-18 16:31:55.587043',4,10,7),(21,NULL,NULL,'scheduled','https://logo.com','2023-05-03 11:31:55','2023-04-18 16:31:55.595621','2023-04-18 16:31:55.595621',3,32,48),(22,NULL,NULL,'scheduled','https://logo.com','2023-05-03 17:31:55','2023-04-18 16:31:55.603132','2023-04-18 16:31:55.603132',3,4,23),(23,NULL,NULL,'scheduled','https://logo.com','2023-05-06 17:31:55','2023-04-18 16:31:55.610931','2023-04-18 16:31:55.610931',4,82,75),(24,NULL,NULL,'scheduled','https://logo.com','2023-05-06 23:31:55','2023-04-18 16:31:55.620710','2023-04-18 16:31:55.620710',4,45,35),(25,NULL,NULL,'scheduled','https://logo.com','2023-05-07 05:31:55','2023-04-18 16:31:55.627035','2023-04-18 16:31:55.627035',4,95,63),(26,NULL,NULL,'scheduled','https://logo.com','2023-05-07 11:31:55','2023-04-18 16:31:55.634336','2023-04-18 16:31:55.634336',1,94,76),(27,NULL,NULL,'scheduled','https://logo.com','2023-05-07 17:31:55','2023-04-18 16:31:55.642737','2023-04-18 16:31:55.642737',3,83,3),(28,NULL,NULL,'scheduled','https://logo.com','2023-05-07 23:31:55','2023-04-18 16:31:55.650950','2023-04-18 16:31:55.650950',2,16,26),(29,NULL,NULL,'scheduled','https://logo.com','2023-05-08 05:31:55','2023-04-18 16:31:55.659029','2023-04-18 16:31:55.659029',1,5,13),(30,NULL,NULL,'scheduled','https://logo.com','2023-05-08 11:31:55','2023-04-18 16:31:55.666166','2023-04-18 16:31:55.666166',4,90,97),(31,NULL,NULL,'scheduled','https://logo.com','2023-05-08 17:31:55','2023-04-18 16:31:55.673484','2023-04-18 16:31:55.673484',1,88,78),(32,NULL,NULL,'scheduled','https://logo.com','2023-05-08 23:31:55','2023-04-18 16:31:55.679404','2023-04-18 16:31:55.679404',2,33,36),(33,NULL,NULL,'scheduled','https://logo.com','2023-05-09 05:31:55','2023-04-18 16:31:55.688778','2023-04-18 16:31:55.688778',4,5,45),(34,NULL,NULL,'scheduled','https://logo.com','2023-05-09 11:31:55','2023-04-18 16:31:55.696036','2023-04-18 16:31:55.696036',1,77,86),(35,NULL,NULL,'scheduled','https://logo.com','2023-05-09 17:31:55','2023-04-18 16:31:55.703412','2023-04-18 16:31:55.703412',1,28,4),(36,NULL,NULL,'scheduled','https://logo.com','2023-05-12 17:31:55','2023-04-18 16:31:55.711535','2023-04-18 16:31:55.711535',1,90,44),(37,NULL,NULL,'scheduled','https://logo.com','2023-05-15 17:31:55','2023-04-18 16:31:55.720461','2023-04-18 16:31:55.720461',4,19,90),(38,NULL,NULL,'scheduled','https://logo.com','2023-05-15 23:31:55','2023-04-18 16:31:55.727805','2023-04-18 16:31:55.727805',3,11,34),(39,NULL,NULL,'scheduled','https://logo.com','2023-05-18 23:31:55','2023-04-18 16:31:55.735620','2023-04-18 16:31:55.735620',2,28,67),(40,NULL,NULL,'scheduled','https://logo.com','2023-05-19 05:31:55','2023-04-18 16:31:55.742197','2023-04-18 16:31:55.742197',3,52,98),(41,NULL,NULL,'scheduled','https://logo.com','2023-05-19 11:31:55','2023-04-18 16:31:55.751814','2023-04-18 16:31:55.751814',4,51,82),(42,NULL,NULL,'scheduled','https://logo.com','2023-05-19 17:31:55','2023-04-18 16:31:55.760285','2023-04-18 16:31:55.760285',3,31,67),(43,NULL,NULL,'scheduled','https://logo.com','2023-05-19 23:31:55','2023-04-18 16:31:55.768287','2023-04-18 16:31:55.768287',3,27,83),(44,NULL,NULL,'scheduled','https://logo.com','2023-05-22 23:31:55','2023-04-18 16:31:55.775092','2023-04-18 16:31:55.775092',3,10,4),(45,NULL,NULL,'scheduled','https://logo.com','2023-05-23 05:31:55','2023-04-18 16:31:55.783273','2023-04-18 16:31:55.783273',3,61,55),(46,NULL,NULL,'scheduled','https://logo.com','2023-05-26 05:31:55','2023-04-18 16:31:55.791238','2023-04-18 16:31:55.791238',1,63,5),(47,NULL,NULL,'scheduled','https://logo.com','2023-05-26 11:31:55','2023-04-18 16:31:55.798168','2023-04-18 16:31:55.798168',3,90,100),(48,NULL,NULL,'scheduled','https://logo.com','2023-05-26 17:31:55','2023-04-18 16:31:55.806738','2023-04-18 16:31:55.806738',4,61,29),(49,NULL,NULL,'scheduled','https://logo.com','2023-05-29 17:31:55','2023-04-18 16:31:55.814824','2023-04-18 16:31:55.814824',1,49,90),(50,NULL,NULL,'scheduled','https://logo.com','2023-05-29 23:31:55','2023-04-18 16:31:55.822717','2023-04-18 16:31:55.822717',2,48,90),(51,NULL,NULL,'scheduled','https://logo.com','2023-06-01 23:31:55','2023-04-18 16:31:55.829375','2023-04-18 16:31:55.829375',3,24,1),(52,NULL,NULL,'scheduled','https://logo.com','2023-06-02 05:31:55','2023-04-18 16:31:55.836803','2023-04-18 16:31:55.836803',1,40,27),(53,NULL,NULL,'scheduled','https://logo.com','2023-06-02 11:31:55','2023-04-18 16:31:55.845067','2023-04-18 16:31:55.845067',4,42,27),(54,NULL,NULL,'scheduled','https://logo.com','2023-06-02 17:31:55','2023-04-18 16:31:55.852373','2023-04-18 16:31:55.852373',1,8,7),(55,NULL,NULL,'scheduled','https://logo.com','2023-06-02 23:31:55','2023-04-18 16:31:55.859557','2023-04-18 16:31:55.859557',2,16,12),(56,NULL,NULL,'scheduled','https://logo.com','2023-06-03 05:31:55','2023-04-18 16:31:55.867604','2023-04-18 16:31:55.867604',2,56,79),(57,NULL,NULL,'scheduled','https://logo.com','2023-06-03 11:31:55','2023-04-18 16:31:55.875347','2023-04-18 16:31:55.875347',1,62,8),(58,NULL,NULL,'scheduled','https://logo.com','2023-06-03 17:31:55','2023-04-18 16:31:55.884398','2023-04-18 16:31:55.884398',2,95,69),(59,NULL,NULL,'scheduled','https://logo.com','2023-06-06 17:31:55','2023-04-18 16:31:55.892390','2023-04-18 16:31:55.892390',3,42,87),(60,NULL,NULL,'scheduled','https://logo.com','2023-06-06 23:31:55','2023-04-18 16:31:55.900111','2023-04-18 16:31:55.900111',4,97,86),(61,NULL,NULL,'scheduled','https://logo.com','2023-06-07 05:31:55','2023-04-18 16:31:55.908414','2023-04-18 16:31:55.908414',4,76,76),(62,NULL,NULL,'scheduled','https://logo.com','2023-06-07 11:31:55','2023-04-18 16:31:55.915703','2023-04-18 16:31:55.915703',3,16,77),(63,NULL,NULL,'scheduled','https://logo.com','2023-06-07 17:31:55','2023-04-18 16:31:55.924660','2023-04-18 16:31:55.924660',3,72,10),(64,NULL,NULL,'scheduled','https://logo.com','2023-06-10 17:31:55','2023-04-18 16:31:55.932552','2023-04-18 16:31:55.932552',2,80,68),(65,NULL,NULL,'scheduled','https://logo.com','2023-06-13 17:31:55','2023-04-18 16:31:55.939301','2023-04-18 16:31:55.939301',2,50,94),(66,NULL,NULL,'scheduled','https://logo.com','2023-06-16 17:31:55','2023-04-18 16:31:55.947067','2023-04-18 16:31:55.947067',1,72,66),(67,NULL,NULL,'scheduled','https://logo.com','2023-06-16 23:31:55','2023-04-18 16:31:55.955473','2023-04-18 16:31:55.955473',3,99,67),(68,NULL,NULL,'scheduled','https://logo.com','2023-06-17 05:31:55','2023-04-18 16:31:55.962890','2023-04-18 16:31:55.962890',3,98,41),(69,NULL,NULL,'scheduled','https://logo.com','2023-06-17 11:31:55','2023-04-18 16:31:55.970302','2023-04-18 16:31:55.970302',4,99,37),(70,NULL,NULL,'scheduled','https://logo.com','2023-06-17 17:31:55','2023-04-18 16:31:55.976971','2023-04-18 16:31:55.976971',3,90,85),(71,NULL,NULL,'scheduled','https://logo.com','2023-06-17 23:31:55','2023-04-18 16:31:55.985995','2023-04-18 16:31:55.985995',3,97,86);
/*!40000 ALTER TABLE `fixture` ENABLE KEYS */;
UNLOCK TABLES;

--
-- Table structure for table `migrations`
--

DROP TABLE IF EXISTS `migrations`;
/*!40101 SET @saved_cs_client     = @@character_set_client */;
/*!50503 SET character_set_client = utf8mb4 */;
CREATE TABLE `migrations` (
  `id` int NOT NULL AUTO_INCREMENT,
  `timestamp` bigint NOT NULL,
  `name` varchar(255) NOT NULL,
  PRIMARY KEY (`id`)
) ENGINE=InnoDB AUTO_INCREMENT=2 DEFAULT CHARSET=utf8mb4 COLLATE=utf8mb4_0900_ai_ci;
/*!40101 SET character_set_client = @saved_cs_client */;

--
-- Dumping data for table `migrations`
--

LOCK TABLES `migrations` WRITE;
/*!40000 ALTER TABLE `migrations` DISABLE KEYS */;
INSERT INTO `migrations` VALUES (1,1681835315579,'Init1681835315579');
/*!40000 ALTER TABLE `migrations` ENABLE KEYS */;
UNLOCK TABLES;

--
-- Table structure for table `team`
--

DROP TABLE IF EXISTS `team`;
/*!40101 SET @saved_cs_client     = @@character_set_client */;
/*!50503 SET character_set_client = utf8mb4 */;
CREATE TABLE `team` (
  `id` bigint unsigned NOT NULL AUTO_INCREMENT,
  `name` varchar(255) NOT NULL,
  `createdAt` timestamp(6) NOT NULL DEFAULT CURRENT_TIMESTAMP(6),
  `updatedAt` timestamp(6) NOT NULL DEFAULT CURRENT_TIMESTAMP(6) ON UPDATE CURRENT_TIMESTAMP(6),
  PRIMARY KEY (`id`),
  KEY `IDX_cf461f5b40cf1a2b8876011e1e` (`name`),
  KEY `IDX_2cc4c76495121fb01694252386` (`createdAt`),
  KEY `IDX_2385186738826cbcd6fda6ecd6` (`updatedAt`)
) ENGINE=InnoDB AUTO_INCREMENT=101 DEFAULT CHARSET=utf8mb4 COLLATE=utf8mb4_0900_ai_ci;
/*!40101 SET character_set_client = @saved_cs_client */;

--
-- Dumping data for table `team`
--

LOCK TABLES `team` WRITE;
/*!40000 ALTER TABLE `team` DISABLE KEYS */;
INSERT INTO `team` VALUES (1,'Hilll LLC','2022-12-19 16:32:41.000000','2022-05-23 12:46:15.000000'),(2,'Gottlieb and Sons','2023-01-05 10:57:50.000000','2022-08-28 19:12:40.000000'),(3,'Kling and Sons','2022-11-22 01:59:35.000000','2022-08-08 02:39:31.000000'),(4,'Kautzer, Haley and Pfannerstill','2022-09-12 09:20:54.000000','2022-10-28 18:19:27.000000'),(5,'Stokes LLC','2023-01-11 02:49:00.000000','2022-08-29 19:40:35.000000'),(6,'Witting Group','2022-07-11 21:47:58.000000','2022-04-17 12:13:19.000000'),(7,'Bartell-Klocko','2022-10-04 18:14:55.000000','2022-11-15 13:22:33.000000'),(8,'Johns-Oberbrunner','2022-06-16 13:27:27.000000','2023-02-15 01:01:29.000000'),(9,'Rogahn-Medhurst','2023-03-30 13:34:52.000000','2023-01-06 07:15:08.000000'),(10,'Kuphal-Witting','2022-05-23 19:33:07.000000','2022-10-04 03:48:41.000000'),(11,'Ryan, Weber and Osinski','2023-01-18 11:26:01.000000','2022-09-10 16:46:03.000000'),(12,'King, Hagenes and Mills','2022-05-11 15:02:56.000000','2022-08-03 05:14:08.000000'),(13,'Boyle Inc','2022-09-18 18:15:22.000000','2022-05-18 06:51:21.000000'),(14,'Casper Inc','2022-10-26 15:41:09.000000','2023-01-06 23:19:54.000000'),(15,'Kessler and Sons','2022-06-16 18:12:09.000000','2022-06-28 21:16:10.000000'),(16,'Prosacco-Romaguera','2022-11-03 16:12:12.000000','2022-10-20 14:43:58.000000'),(17,'Blanda, Orn and Zboncak','2023-02-14 22:44:06.000000','2022-12-25 05:52:07.000000'),(18,'Bartoletti, Walsh and Sipes','2023-04-15 07:17:27.000000','2023-04-13 16:56:08.000000'),(19,'Aufderhar-Johnson','2022-05-05 23:08:28.000000','2022-12-09 16:49:54.000000'),(20,'Deckow, Aufderhar and Wolf','2022-05-09 14:24:39.000000','2022-07-04 10:02:01.000000'),(21,'Predovic and Sons','2022-07-08 04:25:25.000000','2022-07-04 22:06:50.000000'),(22,'Cremin Group','2022-04-27 22:52:12.000000','2022-10-10 00:09:49.000000'),(23,'Flatley LLC','2022-05-07 06:22:35.000000','2023-02-07 23:35:03.000000'),(24,'Rowe LLC','2022-04-22 01:40:56.000000','2022-11-03 01:32:17.000000'),(25,'Ward-Kreiger','2022-05-25 03:32:51.000000','2022-05-10 07:27:30.000000'),(26,'Metz and Sons','2022-12-15 15:17:53.000000','2022-10-09 03:40:09.000000'),(27,'Beatty LLC','2022-05-02 19:38:08.000000','2022-12-04 09:29:32.000000'),(28,'Parisian-Emmerich','2022-11-17 09:54:37.000000','2023-02-20 03:37:54.000000'),(29,'Koch Inc','2023-04-16 13:47:30.000000','2023-04-10 04:27:12.000000'),(30,'Mills-Stamm','2022-10-30 08:24:32.000000','2022-12-29 08:16:58.000000'),(31,'Lockman-Bruen','2022-05-15 07:48:04.000000','2022-09-05 02:25:03.000000'),(32,'Marquardt LLC','2023-02-17 01:05:51.000000','2022-06-15 07:47:05.000000'),(33,'Barton LLC','2022-11-22 12:47:13.000000','2022-07-02 23:54:14.000000'),(34,'Bruen LLC','2023-04-13 01:35:08.000000','2022-09-01 10:23:34.000000'),(35,'Daugherty Inc','2023-02-07 19:52:16.000000','2022-11-08 03:34:29.000000'),(36,'Kessler and Sons','2023-01-14 16:22:43.000000','2022-04-17 18:59:46.000000'),(37,'Dickinson, Shanahan and Berge','2022-12-23 08:29:46.000000','2022-06-27 05:32:34.000000'),(38,'Grady and Sons','2022-12-19 11:09:02.000000','2023-04-04 06:46:48.000000'),(39,'Murray, Vandervort and Padberg','2022-09-13 02:50:20.000000','2023-01-13 13:14:08.000000'),(40,'Morissette, Klein and Bosco','2023-01-15 00:15:52.000000','2023-01-19 01:22:14.000000'),(41,'Hackett-Deckow','2022-09-19 21:05:59.000000','2022-10-18 09:04:28.000000'),(42,'Brekke and Sons','2022-07-06 04:28:05.000000','2023-01-07 16:43:10.000000'),(43,'Klein-Kuhlman','2022-05-23 07:42:47.000000','2022-12-16 01:10:46.000000'),(44,'Lindgren and Sons','2023-04-10 12:51:54.000000','2022-09-07 02:37:57.000000'),(45,'Hoeger Group','2022-09-10 01:26:59.000000','2023-03-02 04:10:49.000000'),(46,'Greenfelder LLC','2023-01-28 11:44:46.000000','2022-05-27 21:07:11.000000'),(47,'Schiller-Heaney','2022-09-15 18:06:30.000000','2022-08-19 06:46:49.000000'),(48,'Renner Inc','2022-10-08 15:33:42.000000','2022-06-25 14:23:09.000000'),(49,'Lowe Inc','2022-06-27 09:33:05.000000','2022-05-01 00:36:50.000000'),(50,'Sanford-Simonis','2022-04-20 12:08:54.000000','2022-06-07 17:23:01.000000'),(51,'Weissnat, Lubowitz and Witting','2023-03-20 08:07:00.000000','2023-04-15 13:02:46.000000'),(52,'Corwin, Mante and Nitzsche','2022-08-19 20:11:23.000000','2023-02-25 11:46:23.000000'),(53,'Funk, Price and Sipes','2022-08-03 16:55:57.000000','2023-02-08 04:22:54.000000'),(54,'Mueller Inc','2022-10-25 15:45:27.000000','2022-11-03 22:22:06.000000'),(55,'Daugherty and Sons','2023-03-03 02:14:51.000000','2022-12-18 20:05:34.000000'),(56,'Lang-Okuneva','2023-01-08 19:53:22.000000','2023-01-16 08:56:00.000000'),(57,'Friesen, Kovacek and Graham','2022-09-25 15:14:55.000000','2023-01-30 21:59:17.000000'),(58,'Smith, Turner and Huel','2023-01-04 20:22:59.000000','2023-01-31 00:11:01.000000'),(59,'Sanford, Schowalter and Steuber','2022-06-27 17:40:47.000000','2022-07-14 18:41:02.000000'),(60,'Bins-Haley','2023-04-10 04:27:31.000000','2022-06-04 16:46:59.000000'),(61,'Lowe, Pouros and Sporer','2022-07-09 03:19:43.000000','2023-01-07 02:29:49.000000'),(62,'Bartell-Franecki','2022-09-24 00:54:51.000000','2023-03-29 00:28:08.000000'),(63,'Mohr-Blick','2022-07-06 00:06:11.000000','2022-05-09 11:33:59.000000'),(64,'Wehner LLC','2023-04-10 14:50:02.000000','2022-10-29 00:13:13.000000'),(65,'Waters LLC','2022-12-18 08:50:45.000000','2023-03-14 15:04:20.000000'),(66,'Schimmel, McDermott and Miller','2023-01-14 05:48:55.000000','2022-08-16 02:24:39.000000'),(67,'Greenholt-Kohler','2022-06-07 18:49:18.000000','2022-10-03 14:10:54.000000'),(68,'Heidenreich-Halvorson','2022-10-01 05:20:01.000000','2022-06-23 00:20:22.000000'),(69,'Mueller Group','2022-09-14 01:27:34.000000','2022-12-02 01:54:13.000000'),(70,'Stark, Waelchi and Weber','2022-06-06 23:50:56.000000','2022-09-20 13:43:08.000000'),(71,'Christiansen LLC','2022-05-14 08:28:28.000000','2022-12-09 11:55:07.000000'),(72,'Schaden-Rodriguez','2023-03-12 03:46:45.000000','2023-02-11 22:10:10.000000'),(73,'McLaughlin LLC','2022-06-06 19:08:50.000000','2023-02-01 12:01:49.000000'),(74,'Erdman, Douglas and Koch','2022-12-13 13:28:54.000000','2022-08-04 12:36:33.000000'),(75,'Schneider LLC','2022-08-22 08:55:51.000000','2022-06-22 02:58:34.000000'),(76,'Dickens-Kassulke','2022-12-02 20:01:35.000000','2022-04-17 02:10:06.000000'),(77,'Bednar and Sons','2022-05-16 21:55:12.000000','2023-01-10 02:20:16.000000'),(78,'Murray and Sons','2022-11-23 00:49:31.000000','2023-03-22 11:18:18.000000'),(79,'Hirthe Inc','2022-10-11 02:57:01.000000','2022-10-17 14:29:46.000000'),(80,'O\'Conner Inc','2022-09-18 18:42:59.000000','2022-06-05 13:18:16.000000'),(81,'Monahan, Pollich and MacGyver','2023-02-26 18:30:08.000000','2022-09-22 17:10:25.000000'),(82,'Sawayn Inc','2022-08-29 01:17:20.000000','2022-08-29 03:58:43.000000'),(83,'Dicki, Beer and Will','2022-08-23 06:41:24.000000','2022-05-14 13:20:11.000000'),(84,'Quigley LLC','2022-11-30 04:10:33.000000','2022-06-24 11:52:07.000000'),(85,'Howell Group','2022-07-25 03:49:45.000000','2023-03-01 02:32:37.000000'),(86,'Turner, Russel and Balistreri','2022-07-19 14:04:38.000000','2022-07-20 19:11:10.000000'),(87,'Orn, Hammes and Braun','2022-04-29 02:52:13.000000','2023-04-04 05:34:43.000000'),(88,'McCullough and Sons','2022-08-26 03:23:15.000000','2022-06-13 09:22:05.000000'),(89,'Hane Inc','2022-08-01 06:06:54.000000','2023-01-28 23:29:09.000000'),(90,'Grimes-Hilpert','2022-07-28 14:08:36.000000','2022-05-01 18:06:44.000000'),(91,'Gottlieb Inc','2022-12-30 14:58:07.000000','2022-08-09 05:35:34.000000'),(92,'Cruickshank-Grimes','2023-03-23 22:40:49.000000','2022-09-22 18:16:05.000000'),(93,'Schaefer, Yundt and Hickle','2022-09-08 22:05:35.000000','2022-05-28 15:14:53.000000'),(94,'Streich and Sons','2022-05-11 04:51:17.000000','2022-11-21 05:03:09.000000'),(95,'Fay-Schowalter','2022-07-15 06:47:37.000000','2022-08-05 04:50:12.000000'),(96,'Gerlach, Wehner and Kub','2023-03-10 19:22:01.000000','2022-08-24 12:37:07.000000'),(97,'Von, Marquardt and Towne','2022-11-14 18:59:56.000000','2022-07-02 00:08:35.000000'),(98,'Hagenes, Williamson and Rogahn','2022-06-04 02:49:05.000000','2023-01-27 07:20:41.000000'),(99,'Paucek LLC','2023-04-04 09:30:12.000000','2022-05-04 17:24:23.000000'),(100,'Jacobs-Carter','2023-02-25 17:35:18.000000','2022-12-30 13:31:33.000000');
/*!40000 ALTER TABLE `team` ENABLE KEYS */;
UNLOCK TABLES;

--
-- Table structure for table `tournament`
--

DROP TABLE IF EXISTS `tournament`;
/*!40101 SET @saved_cs_client     = @@character_set_client */;
/*!50503 SET character_set_client = utf8mb4 */;
CREATE TABLE `tournament` (
  `id` bigint unsigned NOT NULL AUTO_INCREMENT,
  `name` varchar(255) NOT NULL,
  `createdAt` timestamp(6) NOT NULL DEFAULT CURRENT_TIMESTAMP(6),
  `updatedAt` timestamp(6) NOT NULL DEFAULT CURRENT_TIMESTAMP(6) ON UPDATE CURRENT_TIMESTAMP(6),
  PRIMARY KEY (`id`),
  KEY `IDX_39c996e461f5fe152d4811f9e5` (`name`),
  KEY `IDX_09ef19d3c8210acb6cc486b19d` (`createdAt`),
  KEY `IDX_063ac52bc8ef13e15648470d87` (`updatedAt`)
) ENGINE=InnoDB AUTO_INCREMENT=5 DEFAULT CHARSET=utf8mb4 COLLATE=utf8mb4_0900_ai_ci;
/*!40101 SET character_set_client = @saved_cs_client */;

--
-- Dumping data for table `tournament`
--

LOCK TABLES `tournament` WRITE;
/*!40000 ALTER TABLE `tournament` DISABLE KEYS */;
INSERT INTO `tournament` VALUES (1,'UEFA','2023-04-16 17:20:58.736741','2023-04-16 17:20:58.736741'),(2,'CONMEBOL','2023-04-16 17:21:12.820286','2023-04-16 17:21:12.820286'),(3,'AFC','2023-04-16 17:21:20.438569','2023-04-16 17:21:20.438569'),(4,'CAF','2023-04-16 17:21:29.417517','2023-04-16 17:21:29.417517');
/*!40000 ALTER TABLE `tournament` ENABLE KEYS */;
UNLOCK TABLES;
/*!40103 SET TIME_ZONE=@OLD_TIME_ZONE */;

/*!40101 SET SQL_MODE=@OLD_SQL_MODE */;
/*!40014 SET FOREIGN_KEY_CHECKS=@OLD_FOREIGN_KEY_CHECKS */;
/*!40014 SET UNIQUE_CHECKS=@OLD_UNIQUE_CHECKS */;
/*!40101 SET CHARACTER_SET_CLIENT=@OLD_CHARACTER_SET_CLIENT */;
/*!40101 SET CHARACTER_SET_RESULTS=@OLD_CHARACTER_SET_RESULTS */;
/*!40101 SET COLLATION_CONNECTION=@OLD_COLLATION_CONNECTION */;
/*!40111 SET SQL_NOTES=@OLD_SQL_NOTES */;

-- Dump completed on 2023-04-18 23:32:52
