-- MySQL dump 10.13  Distrib 8.0.24, for Linux (x86_64)
--
-- Host: 127.0.0.1    Database: db
-- ------------------------------------------------------
-- Server version	8.0.23

/*!40101 SET @OLD_CHARACTER_SET_CLIENT=@@CHARACTER_SET_CLIENT */;
/*!40101 SET @OLD_CHARACTER_SET_RESULTS=@@CHARACTER_SET_RESULTS */;
/*!40101 SET @OLD_COLLATION_CONNECTION=@@COLLATION_CONNECTION */;
/*!50503 SET NAMES utf8mb4 */;
/*!40103 SET @OLD_TIME_ZONE=@@TIME_ZONE */;
/*!40103 SET TIME_ZONE='+00:00' */;
/*!40014 SET @OLD_UNIQUE_CHECKS=@@UNIQUE_CHECKS, UNIQUE_CHECKS=0 */;
/*!40014 SET @OLD_FOREIGN_KEY_CHECKS=@@FOREIGN_KEY_CHECKS, FOREIGN_KEY_CHECKS=0 */;
/*!40101 SET @OLD_SQL_MODE=@@SQL_MODE, SQL_MODE='NO_AUTO_VALUE_ON_ZERO' */;
/*!40111 SET @OLD_SQL_NOTES=@@SQL_NOTES, SQL_NOTES=0 */;

--
-- Dumping data for table `fixture`
--

LOCK TABLES `fixture` WRITE;
/*!40000 ALTER TABLE `fixture` DISABLE KEYS */;
INSERT INTO `fixture` (`id`, `homeTeamScore`, `awayTeamScore`, `state`, `date`, `createdAt`, `updatedAt`, `tournamentId`, `homeTeamId`, `awayTeamId`) VALUES (1,3,3,'FT','2023-04-09 05:51:14','2023-04-18 16:51:14.101062','2023-04-18 16:51:14.101062',2,86,93),(2,3,1,'FT','2023-04-12 05:51:14','2023-04-18 16:51:14.119802','2023-04-18 16:51:14.119802',2,76,95),(3,0,1,'FT','2023-04-15 05:51:14','2023-04-18 16:51:14.135631','2023-04-18 16:51:14.135631',3,41,64),(4,1,0,'FT','2023-04-15 11:51:14','2023-04-18 16:51:14.149504','2023-04-18 16:51:14.149504',1,13,52),(5,2,3,'FT','2023-04-15 17:51:14','2023-04-18 16:51:14.163267','2023-04-18 16:51:14.163267',3,74,87),(6,3,2,'FT','2023-04-15 23:51:14','2023-04-18 16:51:14.171966','2023-04-18 16:51:14.171966',3,47,35),(7,3,2,'FT','2023-04-16 05:51:14','2023-04-18 16:51:14.180111','2023-04-18 16:51:14.180111',1,57,70),(8,3,2,'FT','2023-04-16 11:51:14','2023-04-18 16:51:14.188630','2023-04-18 16:51:14.188630',1,35,47),(9,3,3,'FT','2023-04-16 17:51:14','2023-04-18 16:51:14.197457','2023-04-18 16:51:14.197457',2,28,15),(10,3,0,'FT','2023-04-16 23:51:14','2023-04-18 16:51:14.205321','2023-04-18 16:51:14.205321',4,18,72),(11,0,0,'FT','2023-04-17 05:51:14','2023-04-18 16:51:14.213461','2023-04-18 16:51:14.213461',3,48,20),(12,3,1,'FT','2023-04-17 11:51:14','2023-04-18 16:51:14.221042','2023-04-18 16:51:14.221042',2,45,74),(13,0,3,'FT','2023-04-17 17:51:14','2023-04-18 16:51:14.230854','2023-04-18 16:51:14.230854',4,20,47),(14,2,1,'FT','2023-04-17 23:51:14','2023-04-18 16:51:14.238367','2023-04-18 16:51:14.238367',3,25,14),(15,1,2,'FT','2023-04-20 23:51:14','2023-04-18 16:51:14.246209','2023-04-18 16:51:14.246209',3,4,85),(16,NULL,NULL,'scheduled','2023-04-21 05:51:14','2023-04-18 16:51:14.254645','2023-04-18 16:51:14.254645',2,4,55),(17,NULL,NULL,'scheduled','2023-04-21 11:51:14','2023-04-18 16:51:14.262651','2023-04-18 16:51:14.262651',1,53,17),(18,NULL,NULL,'scheduled','2023-04-24 11:51:14','2023-04-18 16:51:14.270828','2023-04-18 16:51:14.270828',3,55,55),(19,NULL,NULL,'scheduled','2023-04-24 17:51:14','2023-04-18 16:51:14.279888','2023-04-18 16:51:14.279888',1,45,5),(20,NULL,NULL,'scheduled','2023-04-24 23:51:14','2023-04-18 16:51:14.287833','2023-04-18 16:51:14.287833',2,65,7),(21,NULL,NULL,'scheduled','2023-04-25 05:51:14','2023-04-18 16:51:14.295270','2023-04-18 16:51:14.295270',2,15,93),(22,NULL,NULL,'scheduled','2023-04-25 11:51:14','2023-04-18 16:51:14.303694','2023-04-18 16:51:14.303694',2,20,79),(23,NULL,NULL,'scheduled','2023-04-28 11:51:14','2023-04-18 16:51:14.312044','2023-04-18 16:51:14.312044',3,32,5),(24,NULL,NULL,'scheduled','2023-04-28 17:51:14','2023-04-18 16:51:14.319506','2023-04-18 16:51:14.319506',4,76,93),(25,NULL,NULL,'scheduled','2023-04-28 23:51:14','2023-04-18 16:51:14.328180','2023-04-18 16:51:14.328180',4,26,76),(26,NULL,NULL,'scheduled','2023-05-01 23:51:14','2023-04-18 16:51:14.335824','2023-04-18 16:51:14.335824',2,49,17),(27,NULL,NULL,'scheduled','2023-05-04 23:51:14','2023-04-18 16:51:14.345704','2023-04-18 16:51:14.345704',1,61,84),(28,NULL,NULL,'scheduled','2023-05-05 05:51:14','2023-04-18 16:51:14.352410','2023-04-18 16:51:14.352410',2,52,58),(29,NULL,NULL,'scheduled','2023-05-05 11:51:14','2023-04-18 16:51:14.358972','2023-04-18 16:51:14.358972',4,8,91),(30,NULL,NULL,'scheduled','2023-05-05 17:51:14','2023-04-18 16:51:14.367747','2023-04-18 16:51:14.367747',3,88,49),(31,NULL,NULL,'scheduled','2023-05-08 17:51:14','2023-04-18 16:51:14.375290','2023-04-18 16:51:14.375290',1,92,53),(32,NULL,NULL,'scheduled','2023-05-11 17:51:14','2023-04-18 16:51:14.383928','2023-04-18 16:51:14.383928',4,37,46),(33,NULL,NULL,'scheduled','2023-05-14 17:51:14','2023-04-18 16:51:14.391596','2023-04-18 16:51:14.391596',3,64,7),(34,NULL,NULL,'scheduled','2023-05-17 17:51:14','2023-04-18 16:51:14.400188','2023-04-18 16:51:14.400188',4,90,54),(35,NULL,NULL,'scheduled','2023-05-17 23:51:14','2023-04-18 16:51:14.407289','2023-04-18 16:51:14.407289',2,49,64),(36,NULL,NULL,'scheduled','2023-05-18 05:51:14','2023-04-18 16:51:14.416157','2023-04-18 16:51:14.416157',1,49,31),(37,NULL,NULL,'scheduled','2023-05-18 11:51:14','2023-04-18 16:51:14.423251','2023-04-18 16:51:14.423251',2,92,59),(38,NULL,NULL,'scheduled','2023-05-18 17:51:14','2023-04-18 16:51:14.430657','2023-04-18 16:51:14.430657',3,92,77),(39,NULL,NULL,'scheduled','2023-05-21 17:51:14','2023-04-18 16:51:14.437461','2023-04-18 16:51:14.437461',1,96,2),(40,NULL,NULL,'scheduled','2023-05-24 17:51:14','2023-04-18 16:51:14.445393','2023-04-18 16:51:14.445393',4,76,28),(41,NULL,NULL,'scheduled','2023-05-27 17:51:14','2023-04-18 16:51:14.451838','2023-04-18 16:51:14.451838',2,7,94),(42,NULL,NULL,'scheduled','2023-05-30 17:51:14','2023-04-18 16:51:14.461113','2023-04-18 16:51:14.461113',4,14,81),(43,NULL,NULL,'scheduled','2023-05-30 23:51:14','2023-04-18 16:51:14.469022','2023-04-18 16:51:14.469022',3,62,91),(44,NULL,NULL,'scheduled','2023-05-31 05:51:14','2023-04-18 16:51:14.477976','2023-04-18 16:51:14.477976',3,54,97),(45,NULL,NULL,'scheduled','2023-05-31 11:51:14','2023-04-18 16:51:14.485873','2023-04-18 16:51:14.485873',2,55,94),(46,NULL,NULL,'scheduled','2023-05-31 17:51:14','2023-04-18 16:51:14.491298','2023-04-18 16:51:14.491298',3,52,51),(47,NULL,NULL,'scheduled','2023-06-03 17:51:14','2023-04-18 16:51:14.499404','2023-04-18 16:51:14.499404',2,42,96),(48,NULL,NULL,'scheduled','2023-06-06 17:51:14','2023-04-18 16:51:14.506685','2023-04-18 16:51:14.506685',4,32,99),(49,NULL,NULL,'scheduled','2023-06-06 23:51:14','2023-04-18 16:51:14.514074','2023-04-18 16:51:14.514074',4,47,5),(50,NULL,NULL,'scheduled','2023-06-07 05:51:14','2023-04-18 16:51:14.520674','2023-04-18 16:51:14.520674',3,25,86),(51,NULL,NULL,'scheduled','2023-06-07 11:51:14','2023-04-18 16:51:14.528668','2023-04-18 16:51:14.528668',1,48,85),(52,NULL,NULL,'scheduled','2023-06-07 17:51:14','2023-04-18 16:51:14.536396','2023-04-18 16:51:14.536396',2,22,13),(53,NULL,NULL,'scheduled','2023-06-07 23:51:14','2023-04-18 16:51:14.544183','2023-04-18 16:51:14.544183',2,91,29),(54,NULL,NULL,'scheduled','2023-06-08 05:51:14','2023-04-18 16:51:14.552068','2023-04-18 16:51:14.552068',3,53,97),(55,NULL,NULL,'scheduled','2023-06-08 11:51:14','2023-04-18 16:51:14.559519','2023-04-18 16:51:14.559519',2,70,56),(56,NULL,NULL,'scheduled','2023-06-11 11:51:14','2023-04-18 16:51:14.567940','2023-04-18 16:51:14.567940',4,50,62),(57,NULL,NULL,'scheduled','2023-06-11 17:51:14','2023-04-18 16:51:14.576163','2023-04-18 16:51:14.576163',3,50,61),(58,NULL,NULL,'scheduled','2023-06-11 23:51:14','2023-04-18 16:51:14.583648','2023-04-18 16:51:14.583648',2,100,53),(59,NULL,NULL,'scheduled','2023-06-14 23:51:14','2023-04-18 16:51:14.590939','2023-04-18 16:51:14.590939',4,69,95),(60,NULL,NULL,'scheduled','2023-06-15 05:51:14','2023-04-18 16:51:14.599299','2023-04-18 16:51:14.599299',4,80,71),(61,NULL,NULL,'scheduled','2023-06-15 11:51:14','2023-04-18 16:51:14.606401','2023-04-18 16:51:14.606401',3,57,78),(62,NULL,NULL,'scheduled','2023-06-15 17:51:14','2023-04-18 16:51:14.613721','2023-04-18 16:51:14.613721',4,81,13),(63,NULL,NULL,'scheduled','2023-06-18 17:51:14','2023-04-18 16:51:14.621494','2023-04-18 16:51:14.621494',4,63,23);
/*!40000 ALTER TABLE `fixture` ENABLE KEYS */;
UNLOCK TABLES;

--
-- Dumping data for table `team`
--

LOCK TABLES `team` WRITE;
/*!40000 ALTER TABLE `team` DISABLE KEYS */;
INSERT INTO `team` (`id`, `name`, `logo`, `createdAt`, `updatedAt`) VALUES (1,'Nitzsche, Balistreri and Ondricka','http://dummyimage.com/203x100.png/dddddd/000000','2023-04-18 16:51:04.876061','2023-04-18 16:51:04.876061'),(2,'Wiegand, Kling and Goodwin','http://dummyimage.com/226x100.png/cc0000/ffffff','2023-04-18 16:51:04.902195','2023-04-18 16:51:04.902195'),(3,'Heaney, Orn and Carroll','http://dummyimage.com/238x100.png/ff4444/ffffff','2023-04-18 16:51:04.909285','2023-04-18 16:51:04.909285'),(4,'Bogan-Wilderman','http://dummyimage.com/139x100.png/cc0000/ffffff','2023-04-18 16:51:04.914632','2023-04-18 16:51:04.914632'),(5,'Kohler Inc','http://dummyimage.com/233x100.png/5fa2dd/ffffff','2023-04-18 16:51:04.919632','2023-04-18 16:51:04.919632'),(6,'Champlin-Bosco','http://dummyimage.com/149x100.png/ff4444/ffffff','2023-04-18 16:51:04.924587','2023-04-18 16:51:04.924587'),(7,'Ebert Group','http://dummyimage.com/109x100.png/cc0000/ffffff','2023-04-18 16:51:04.929414','2023-04-18 16:51:04.929414'),(8,'Klein Inc','http://dummyimage.com/144x100.png/5fa2dd/ffffff','2023-04-18 16:51:04.934451','2023-04-18 16:51:04.934451'),(9,'Schmeler, Bergstrom and Yundt','http://dummyimage.com/131x100.png/5fa2dd/ffffff','2023-04-18 16:51:04.939315','2023-04-18 16:51:04.939315'),(10,'Bailey, Marvin and Armstrong','http://dummyimage.com/191x100.png/5fa2dd/ffffff','2023-04-18 16:51:04.944204','2023-04-18 16:51:04.944204'),(11,'Larson Group','http://dummyimage.com/116x100.png/ff4444/ffffff','2023-04-18 16:51:04.949115','2023-04-18 16:51:04.949115'),(12,'Medhurst-Marquardt','http://dummyimage.com/201x100.png/ff4444/ffffff','2023-04-18 16:51:04.954228','2023-04-18 16:51:04.954228'),(13,'Mante LLC','http://dummyimage.com/151x100.png/5fa2dd/ffffff','2023-04-18 16:51:04.959835','2023-04-18 16:51:04.959835'),(14,'Schimmel, Streich and Deckow','http://dummyimage.com/161x100.png/cc0000/ffffff','2023-04-18 16:51:04.964747','2023-04-18 16:51:04.964747'),(15,'Batz Group','http://dummyimage.com/229x100.png/cc0000/ffffff','2023-04-18 16:51:04.969571','2023-04-18 16:51:04.969571'),(16,'Gutkowski and Sons','http://dummyimage.com/123x100.png/ff4444/ffffff','2023-04-18 16:51:04.974997','2023-04-18 16:51:04.974997'),(17,'Nicolas, Senger and Hickle','http://dummyimage.com/189x100.png/5fa2dd/ffffff','2023-04-18 16:51:04.981487','2023-04-18 16:51:04.981487'),(18,'Shields-Friesen','http://dummyimage.com/243x100.png/5fa2dd/ffffff','2023-04-18 16:51:04.986264','2023-04-18 16:51:04.986264'),(19,'Bosco Inc','http://dummyimage.com/221x100.png/cc0000/ffffff','2023-04-18 16:51:04.992157','2023-04-18 16:51:04.992157'),(20,'Crona, Carroll and Terry','http://dummyimage.com/194x100.png/dddddd/000000','2023-04-18 16:51:04.996802','2023-04-18 16:51:04.996802'),(21,'Braun-Koelpin','http://dummyimage.com/170x100.png/cc0000/ffffff','2023-04-18 16:51:05.001803','2023-04-18 16:51:05.001803'),(22,'Kessler, Baumbach and Morissette','http://dummyimage.com/243x100.png/5fa2dd/ffffff','2023-04-18 16:51:05.009361','2023-04-18 16:51:05.009361'),(23,'Hermann LLC','http://dummyimage.com/104x100.png/cc0000/ffffff','2023-04-18 16:51:05.016919','2023-04-18 16:51:05.016919'),(24,'Schmeler LLC','http://dummyimage.com/191x100.png/cc0000/ffffff','2023-04-18 16:51:05.021665','2023-04-18 16:51:05.021665'),(25,'Muller-Renner','http://dummyimage.com/249x100.png/ff4444/ffffff','2023-04-18 16:51:05.026467','2023-04-18 16:51:05.026467'),(26,'Dare-Stroman','http://dummyimage.com/207x100.png/cc0000/ffffff','2023-04-18 16:51:05.031369','2023-04-18 16:51:05.031369'),(27,'Kuphal-Schultz','http://dummyimage.com/192x100.png/cc0000/ffffff','2023-04-18 16:51:05.035980','2023-04-18 16:51:05.035980'),(28,'Skiles, Mueller and Spinka','http://dummyimage.com/250x100.png/ff4444/ffffff','2023-04-18 16:51:05.040716','2023-04-18 16:51:05.040716'),(29,'Green-Berge','http://dummyimage.com/153x100.png/cc0000/ffffff','2023-04-18 16:51:05.045558','2023-04-18 16:51:05.045558'),(30,'Hilll Inc','http://dummyimage.com/162x100.png/5fa2dd/ffffff','2023-04-18 16:51:05.050470','2023-04-18 16:51:05.050470'),(31,'Bauch and Sons','http://dummyimage.com/218x100.png/dddddd/000000','2023-04-18 16:51:05.056618','2023-04-18 16:51:05.056618'),(32,'Metz, Morissette and Mosciski','http://dummyimage.com/102x100.png/dddddd/000000','2023-04-18 16:51:05.062674','2023-04-18 16:51:05.062674'),(33,'Daniel, Zulauf and O\'Keefe','http://dummyimage.com/189x100.png/5fa2dd/ffffff','2023-04-18 16:51:05.068471','2023-04-18 16:51:05.068471'),(34,'Johns-Bogisich','http://dummyimage.com/231x100.png/5fa2dd/ffffff','2023-04-18 16:51:05.075369','2023-04-18 16:51:05.075369'),(35,'Bosco-Keeling','http://dummyimage.com/228x100.png/dddddd/000000','2023-04-18 16:51:05.080035','2023-04-18 16:51:05.080035'),(36,'Farrell-Hand','http://dummyimage.com/234x100.png/ff4444/ffffff','2023-04-18 16:51:05.084818','2023-04-18 16:51:05.084818'),(37,'Jaskolski, Beer and Rempel','http://dummyimage.com/147x100.png/cc0000/ffffff','2023-04-18 16:51:05.090634','2023-04-18 16:51:05.090634'),(38,'Blanda-Hammes','http://dummyimage.com/236x100.png/ff4444/ffffff','2023-04-18 16:51:05.095339','2023-04-18 16:51:05.095339'),(39,'Kunze LLC','http://dummyimage.com/191x100.png/5fa2dd/ffffff','2023-04-18 16:51:05.099849','2023-04-18 16:51:05.099849'),(40,'Dickinson-Gutmann','http://dummyimage.com/242x100.png/dddddd/000000','2023-04-18 16:51:05.104278','2023-04-18 16:51:05.104278'),(41,'Konopelski, Reichel and Dare','http://dummyimage.com/205x100.png/ff4444/ffffff','2023-04-18 16:51:05.109001','2023-04-18 16:51:05.109001'),(42,'Littel LLC','http://dummyimage.com/162x100.png/ff4444/ffffff','2023-04-18 16:51:05.113834','2023-04-18 16:51:05.113834'),(43,'Schaden, Kerluke and Jones','http://dummyimage.com/168x100.png/ff4444/ffffff','2023-04-18 16:51:05.118543','2023-04-18 16:51:05.118543'),(44,'Mann-Reichel','http://dummyimage.com/179x100.png/dddddd/000000','2023-04-18 16:51:05.124139','2023-04-18 16:51:05.124139'),(45,'Kovacek, Mertz and Schroeder','http://dummyimage.com/229x100.png/cc0000/ffffff','2023-04-18 16:51:05.130017','2023-04-18 16:51:05.130017'),(46,'Champlin LLC','http://dummyimage.com/164x100.png/ff4444/ffffff','2023-04-18 16:51:05.134328','2023-04-18 16:51:05.134328'),(47,'Flatley, Hettinger and Turcotte','http://dummyimage.com/243x100.png/cc0000/ffffff','2023-04-18 16:51:05.138777','2023-04-18 16:51:05.138777'),(48,'Veum, Barrows and Kessler','http://dummyimage.com/136x100.png/dddddd/000000','2023-04-18 16:51:05.144316','2023-04-18 16:51:05.144316'),(49,'Witting, Kemmer and Okuneva','http://dummyimage.com/216x100.png/dddddd/000000','2023-04-18 16:51:05.161385','2023-04-18 16:51:05.161385'),(50,'Upton Inc','http://dummyimage.com/125x100.png/5fa2dd/ffffff','2023-04-18 16:51:05.170346','2023-04-18 16:51:05.170346'),(51,'Kiehn, Hessel and Wolf','http://dummyimage.com/183x100.png/ff4444/ffffff','2023-04-18 16:51:05.178361','2023-04-18 16:51:05.178361'),(52,'Krajcik, Reynolds and Crona','http://dummyimage.com/133x100.png/dddddd/000000','2023-04-18 16:51:05.186533','2023-04-18 16:51:05.186533'),(53,'Bailey-Hessel','http://dummyimage.com/137x100.png/5fa2dd/ffffff','2023-04-18 16:51:05.200487','2023-04-18 16:51:05.200487'),(54,'Swaniawski LLC','http://dummyimage.com/108x100.png/ff4444/ffffff','2023-04-18 16:51:05.210510','2023-04-18 16:51:05.210510'),(55,'Boehm Group','http://dummyimage.com/138x100.png/dddddd/000000','2023-04-18 16:51:05.223003','2023-04-18 16:51:05.223003'),(56,'Tromp, Cremin and Crooks','http://dummyimage.com/110x100.png/ff4444/ffffff','2023-04-18 16:51:05.229888','2023-04-18 16:51:05.229888'),(57,'Stehr LLC','http://dummyimage.com/205x100.png/ff4444/ffffff','2023-04-18 16:51:05.234487','2023-04-18 16:51:05.234487'),(58,'Heller-Stroman','http://dummyimage.com/128x100.png/cc0000/ffffff','2023-04-18 16:51:05.238988','2023-04-18 16:51:05.238988'),(59,'Terry Group','http://dummyimage.com/160x100.png/5fa2dd/ffffff','2023-04-18 16:51:05.243629','2023-04-18 16:51:05.243629'),(60,'Tillman and Sons','http://dummyimage.com/216x100.png/5fa2dd/ffffff','2023-04-18 16:51:05.248246','2023-04-18 16:51:05.248246'),(61,'Brekke Group','http://dummyimage.com/238x100.png/ff4444/ffffff','2023-04-18 16:51:05.252903','2023-04-18 16:51:05.252903'),(62,'Johns-Lemke','http://dummyimage.com/241x100.png/dddddd/000000','2023-04-18 16:51:05.257699','2023-04-18 16:51:05.257699'),(63,'Breitenberg, Hauck and Hessel','http://dummyimage.com/104x100.png/ff4444/ffffff','2023-04-18 16:51:05.262547','2023-04-18 16:51:05.262547'),(64,'Orn, Bahringer and Mraz','http://dummyimage.com/246x100.png/cc0000/ffffff','2023-04-18 16:51:05.268045','2023-04-18 16:51:05.268045'),(65,'Mann Group','http://dummyimage.com/177x100.png/cc0000/ffffff','2023-04-18 16:51:05.274030','2023-04-18 16:51:05.274030'),(66,'Ondricka-Maggio','http://dummyimage.com/127x100.png/dddddd/000000','2023-04-18 16:51:05.278491','2023-04-18 16:51:05.278491'),(67,'Hartmann-Rice','http://dummyimage.com/140x100.png/ff4444/ffffff','2023-04-18 16:51:05.282924','2023-04-18 16:51:05.282924'),(68,'Renner-Kunde','http://dummyimage.com/237x100.png/dddddd/000000','2023-04-18 16:51:05.289240','2023-04-18 16:51:05.289240'),(69,'Lind-Grant','http://dummyimage.com/170x100.png/5fa2dd/ffffff','2023-04-18 16:51:05.293875','2023-04-18 16:51:05.293875'),(70,'Swaniawski-Emard','http://dummyimage.com/194x100.png/5fa2dd/ffffff','2023-04-18 16:51:05.299308','2023-04-18 16:51:05.299308'),(71,'Gibson-Doyle','http://dummyimage.com/153x100.png/5fa2dd/ffffff','2023-04-18 16:51:05.305084','2023-04-18 16:51:05.305084'),(72,'Lemke Inc','http://dummyimage.com/130x100.png/ff4444/ffffff','2023-04-18 16:51:05.309581','2023-04-18 16:51:05.309581'),(73,'Prohaska, Cruickshank and Hickle','http://dummyimage.com/215x100.png/5fa2dd/ffffff','2023-04-18 16:51:05.314182','2023-04-18 16:51:05.314182'),(74,'Kemmer and Sons','http://dummyimage.com/147x100.png/dddddd/000000','2023-04-18 16:51:05.318669','2023-04-18 16:51:05.318669'),(75,'Rogahn, Kuhic and Leffler','http://dummyimage.com/132x100.png/cc0000/ffffff','2023-04-18 16:51:05.323513','2023-04-18 16:51:05.323513'),(76,'Roberts, Schaefer and Reinger','http://dummyimage.com/226x100.png/ff4444/ffffff','2023-04-18 16:51:05.328237','2023-04-18 16:51:05.328237'),(77,'Cole, Pollich and Grant','http://dummyimage.com/211x100.png/ff4444/ffffff','2023-04-18 16:51:05.333585','2023-04-18 16:51:05.333585'),(78,'Ortiz, Keeling and Hammes','http://dummyimage.com/235x100.png/dddddd/000000','2023-04-18 16:51:05.339782','2023-04-18 16:51:05.339782'),(79,'Prohaska, Anderson and Kutch','http://dummyimage.com/234x100.png/5fa2dd/ffffff','2023-04-18 16:51:05.344567','2023-04-18 16:51:05.344567'),(80,'Treutel and Sons','http://dummyimage.com/250x100.png/5fa2dd/ffffff','2023-04-18 16:51:05.349230','2023-04-18 16:51:05.349230'),(81,'Berge Group','http://dummyimage.com/223x100.png/5fa2dd/ffffff','2023-04-18 16:51:05.353703','2023-04-18 16:51:05.353703'),(82,'Erdman-Ritchie','http://dummyimage.com/155x100.png/cc0000/ffffff','2023-04-18 16:51:05.358524','2023-04-18 16:51:05.358524'),(83,'Lubowitz-Jenkins','http://dummyimage.com/233x100.png/5fa2dd/ffffff','2023-04-18 16:51:05.363446','2023-04-18 16:51:05.363446'),(84,'Howell-VonRueden','http://dummyimage.com/230x100.png/dddddd/000000','2023-04-18 16:51:05.368969','2023-04-18 16:51:05.368969'),(85,'Thompson, Hartmann and Bayer','http://dummyimage.com/248x100.png/ff4444/ffffff','2023-04-18 16:51:05.376075','2023-04-18 16:51:05.376075'),(86,'Bradtke-Hahn','http://dummyimage.com/221x100.png/cc0000/ffffff','2023-04-18 16:51:05.379453','2023-04-18 16:51:05.379453'),(87,'Funk Inc','http://dummyimage.com/110x100.png/cc0000/ffffff','2023-04-18 16:51:05.385254','2023-04-18 16:51:05.385254'),(88,'Weissnat Group','http://dummyimage.com/146x100.png/cc0000/ffffff','2023-04-18 16:51:05.390025','2023-04-18 16:51:05.390025'),(89,'Bednar, Tromp and Schmidt','http://dummyimage.com/154x100.png/cc0000/ffffff','2023-04-18 16:51:05.394777','2023-04-18 16:51:05.394777'),(90,'Funk Group','http://dummyimage.com/147x100.png/5fa2dd/ffffff','2023-04-18 16:51:05.399136','2023-04-18 16:51:05.399136'),(91,'Huels, Fahey and Stamm','http://dummyimage.com/230x100.png/dddddd/000000','2023-04-18 16:51:05.404943','2023-04-18 16:51:05.404943'),(92,'Kris and Sons','http://dummyimage.com/111x100.png/ff4444/ffffff','2023-04-18 16:51:05.409534','2023-04-18 16:51:05.409534'),(93,'Effertz-Swift','http://dummyimage.com/130x100.png/5fa2dd/ffffff','2023-04-18 16:51:05.414209','2023-04-18 16:51:05.414209'),(94,'Cummerata LLC','http://dummyimage.com/246x100.png/ff4444/ffffff','2023-04-18 16:51:05.418871','2023-04-18 16:51:05.418871'),(95,'Rodriguez-Dibbert','http://dummyimage.com/204x100.png/ff4444/ffffff','2023-04-18 16:51:05.423823','2023-04-18 16:51:05.423823'),(96,'Donnelly-Trantow','http://dummyimage.com/163x100.png/cc0000/ffffff','2023-04-18 16:51:05.428605','2023-04-18 16:51:05.428605'),(97,'Doyle Group','http://dummyimage.com/190x100.png/5fa2dd/ffffff','2023-04-18 16:51:05.433351','2023-04-18 16:51:05.433351'),(98,'Sipes, Batz and Boyle','http://dummyimage.com/154x100.png/dddddd/000000','2023-04-18 16:51:05.437920','2023-04-18 16:51:05.437920'),(99,'Stark, Pacocha and Spinka','http://dummyimage.com/140x100.png/ff4444/ffffff','2023-04-18 16:51:05.442686','2023-04-18 16:51:05.442686'),(100,'Hackett LLC','http://dummyimage.com/249x100.png/5fa2dd/ffffff','2023-04-18 16:51:05.447179','2023-04-18 16:51:05.447179');
/*!40000 ALTER TABLE `team` ENABLE KEYS */;
UNLOCK TABLES;

--
-- Dumping data for table `tournament`
--

LOCK TABLES `tournament` WRITE;
/*!40000 ALTER TABLE `tournament` DISABLE KEYS */;
INSERT INTO `tournament` (`id`, `name`, `createdAt`, `updatedAt`) VALUES (1,'UEFA','2023-04-16 17:20:58.736741','2023-04-16 17:20:58.736741'),(2,'CONMEBOL','2023-04-16 17:21:12.820286','2023-04-16 17:21:12.820286'),(3,'AFC','2023-04-16 17:21:20.438569','2023-04-16 17:21:20.438569'),(4,'CAF','2023-04-16 17:21:29.417517','2023-04-16 17:21:29.417517');
/*!40000 ALTER TABLE `tournament` ENABLE KEYS */;
UNLOCK TABLES;
/*!40103 SET TIME_ZONE=@OLD_TIME_ZONE */;

/*!40101 SET SQL_MODE=@OLD_SQL_MODE */;
/*!40014 SET FOREIGN_KEY_CHECKS=@OLD_FOREIGN_KEY_CHECKS */;
/*!40014 SET UNIQUE_CHECKS=@OLD_UNIQUE_CHECKS */;
/*!40101 SET CHARACTER_SET_CLIENT=@OLD_CHARACTER_SET_CLIENT */;
/*!40101 SET CHARACTER_SET_RESULTS=@OLD_CHARACTER_SET_RESULTS */;
/*!40101 SET COLLATION_CONNECTION=@OLD_COLLATION_CONNECTION */;
/*!40111 SET SQL_NOTES=@OLD_SQL_NOTES */;

-- Dump completed on 2023-04-18 23:53:09
